{
    "COLOR": {
        "cpu_cost": 79.99998234444445,
        "mem_cost": 542.9881666666666
    },
    "PRESSURE": {
        "cpu_cost": 0.09998783611111108,
        "mem_cost": 564.9809166666666
    },
    "SOUND": {
        "cpu_cost": 0.0016735055555555172,
        "mem_cost": 541.0065833333333
    },
    "TEMP": {
        "cpu_cost": 8.499989055555556,
        "mem_cost": 553.0439166666666
    },
    "UV": {
        "cpu_cost": 0.004985830555555517,
        "mem_cost": 540.9555
    }
}